group,function,value,throughput_num,throughput_type,sample_measured_value,unit,iteration_count
hash 2,,,,,966221.0,ns,3679598
hash 2,,,,,1938916.0,ns,7359196
hash 2,,,,,3025381.0,ns,11038794
hash 2,,,,,3954809.0,ns,14718392
hash 2,,,,,5270448.0,ns,18397990
hash 2,,,,,5816518.0,ns,22077588
hash 2,,,,,7261296.0,ns,25757186
hash 2,,,,,7947223.0,ns,29436784
hash 2,,,,,9058486.0,ns,33116382
hash 2,,,,,9662710.0,ns,36795980
hash 2,,,,,10600760.0,ns,40475578
hash 2,,,,,11804928.0,ns,44155176
hash 2,,,,,12604027.0,ns,47834774
hash 2,,,,,13677076.0,ns,51514372
hash 2,,,,,14704942.0,ns,55193970
hash 2,,,,,15497079.0,ns,58873568
hash 2,,,,,16503717.0,ns,62553166
hash 2,,,,,17674930.0,ns,66232764
hash 2,,,,,18358284.0,ns,69912362
hash 2,,,,,19333347.0,ns,73591960
hash 2,,,,,20932562.0,ns,77271558
hash 2,,,,,23671089.0,ns,80951156
hash 2,,,,,22297900.0,ns,84630754
hash 2,,,,,23277567.0,ns,88310352
hash 2,,,,,24393841.0,ns,91989950
hash 2,,,,,25209014.0,ns,95669548
hash 2,,,,,26531823.0,ns,99349146
hash 2,,,,,27125431.0,ns,103028744
hash 2,,,,,28227049.0,ns,106708342
hash 2,,,,,29179570.0,ns,110387940
hash 2,,,,,30375186.0,ns,114067538
hash 2,,,,,32919481.0,ns,117747136
hash 2,,,,,32532388.0,ns,121426734
hash 2,,,,,33400074.0,ns,125106332
hash 2,,,,,33737269.0,ns,128785930
hash 2,,,,,34914331.0,ns,132465528
hash 2,,,,,36005955.0,ns,136145126
hash 2,,,,,37787801.0,ns,139824724
hash 2,,,,,37965637.0,ns,143504322
hash 2,,,,,39667266.0,ns,147183920
hash 2,,,,,39878125.0,ns,150863518
hash 2,,,,,41389746.0,ns,154543116
hash 2,,,,,41882888.0,ns,158222714
hash 2,,,,,42803157.0,ns,161902312
hash 2,,,,,45733483.0,ns,165581910
hash 2,,,,,45169604.0,ns,169261508
hash 2,,,,,46917650.0,ns,172941106
hash 2,,,,,46834664.0,ns,176620704
hash 2,,,,,48090450.0,ns,180300302
hash 2,,,,,51050765.0,ns,183979900
hash 2,,,,,50695193.0,ns,187659498
hash 2,,,,,51066457.0,ns,191339096
hash 2,,,,,51923549.0,ns,195018694
hash 2,,,,,52229301.0,ns,198698292
hash 2,,,,,54657854.0,ns,202377890
hash 2,,,,,56830169.0,ns,206057488
hash 2,,,,,55660688.0,ns,209737086
hash 2,,,,,56431508.0,ns,213416684
hash 2,,,,,57560729.0,ns,217096282
hash 2,,,,,58290321.0,ns,220775880
hash 2,,,,,59421931.0,ns,224455478
hash 2,,,,,60565389.0,ns,228135076
hash 2,,,,,61807982.0,ns,231814674
hash 2,,,,,64180593.0,ns,235494272
hash 2,,,,,62988854.0,ns,239173870
hash 2,,,,,63714143.0,ns,242853468
hash 2,,,,,65674947.0,ns,246533066
hash 2,,,,,66350521.0,ns,250212664
hash 2,,,,,66746926.0,ns,253892262
hash 2,,,,,68335356.0,ns,257571860
hash 2,,,,,69449109.0,ns,261251458
hash 2,,,,,71468437.0,ns,264931056
hash 2,,,,,71426912.0,ns,268610654
hash 2,,,,,73176579.0,ns,272290252
hash 2,,,,,72955651.0,ns,275969850
hash 2,,,,,73878761.0,ns,279649448
hash 2,,,,,74742443.0,ns,283329046
hash 2,,,,,77333940.0,ns,287008644
hash 2,,,,,76541045.0,ns,290688242
hash 2,,,,,77422564.0,ns,294367840
hash 2,,,,,79866761.0,ns,298047438
hash 2,,,,,79970129.0,ns,301727036
hash 2,,,,,80211804.0,ns,305406634
hash 2,,,,,82059504.0,ns,309086232
hash 2,,,,,85550041.0,ns,312765830
hash 2,,,,,83463047.0,ns,316445428
hash 2,,,,,84616174.0,ns,320125026
hash 2,,,,,85907854.0,ns,323804624
hash 2,,,,,87346400.0,ns,327484222
hash 2,,,,,88700466.0,ns,331163820
hash 2,,,,,88445829.0,ns,334843418
hash 2,,,,,89162228.0,ns,338523016
hash 2,,,,,91484312.0,ns,342202614
hash 2,,,,,91656683.0,ns,345882212
hash 2,,,,,92034863.0,ns,349561810
hash 2,,,,,95034767.0,ns,353241408
hash 2,,,,,93954293.0,ns,356921006
hash 2,,,,,95741348.0,ns,360600604
hash 2,,,,,96456276.0,ns,364280202
hash 2,,,,,96961151.0,ns,367959800
